{"count":1,"self":257.17416959999997,"total":3000.2819242,"children":{"InitializeActuators":{"count":4,"self":0.0020023,"total":0.0020023,"children":null},"InitializeSensors":{"count":4,"self":0.0040043,"total":0.0040043,"children":null},"AgentSendState":{"count":1025262,"self":91.478495999999993,"total":105.68145969999999,"children":{"CollectObservations":{"count":820648,"self":0.0939465,"total":0.0939465,"children":null},"WriteActionMask":{"count":820648,"self":0.145193,"total":0.145193,"children":null},"RequestDecision":{"count":820648,"self":0.46654059999999997,"total":13.963826099999999,"children":{"AgentInfo.ToProto":{"count":820648,"self":0.90178799999999992,"total":13.4972855,"children":{"GenerateSensorData":{"count":820648,"self":9.2704703999999989,"total":12.595497499999999,"children":{"RayPerceptionSensor.Perceive":{"count":1641296,"self":3.3250273999999997,"total":3.3250273999999997,"children":null}}}}}}}}},"DecideAction":{"count":1025262,"self":2626.6021888,"total":2626.6021756,"children":null},"AgentAct":{"count":1025262,"self":10.8061008,"total":10.806100599999999,"children":null},"AgentInfo.ToProto":{"count":540,"self":0,"total":0.0100042,"children":{"GenerateSensorData":{"count":540,"self":0.0070012,"total":0.0100042,"children":{"RayPerceptionSensor.Perceive":{"count":1080,"self":0.003003,"total":0.003003,"children":null}}}}}},"gauges":{"Soccer Bot.CumulativeReward":{"count":540,"max":0.600807846,"min":0,"runningAverage":0.027830407,"value":0.0156000024,"weightedAverage":0.0246649235}},"metadata":{"timer_format_version":"0.1.0","start_time_seconds":"1719252291","unity_version":"2023.2.14f1","command_line_arguments":"j:\\Unity Projects\\ML-Project-170524\\Builds-Corrected\\b3-serverbuild-forcebased\/SoccerBot.exe --mlagents-port 5005","communication_protocol_version":"1.5.0","com.unity.ml-agents_version":"3.0.0-exp.1","scene_name":"SoccerBotScene","end_time_seconds":"1719255291"}}